<?xml version="1.0" encoding="UTF-8"?>

<suite name="Suite" parallel="classes" thread-count="2" verbose="5">
	<test name="Test">
		<classes>
			<class name="com.leafBot.testcases.TC003_CreateLead" />
			<!-- <class name="com.leafBot.testcases.TC004_EditLead" />
			<class name="com.leafBot.testcases.TC005_DuplicateLead" />
			<class name="com.leafBot.testcases.TC006_MergeLead" />
			<class name="com.leafBot.testcases.TC007_DeleteLead" /> -->
		</classes>
	</test> <!-- Test -->
</suite> <!-- Suite -->